,4NZ2_2QJ,5K7K_6RJ
4NZ2_2QJ,0.0,0.8602150537634409
5K7K_6RJ,0.8602150537634409,0.0
