,2J4A_OEF,1N46_PFA
2J4A_OEF,0.0,0.6153846153846154
1N46_PFA,0.6153846153846154,0.0
