,4HVS_647,6XVA_O2K
4HVS_647,0.0,0.8571428571428572
6XVA_O2K,0.8571428571428572,0.0
