,1J3J_CP6,1J3K_WRA
1J3J_CP6,0.0,0.8305084745762712
1J3K_WRA,0.8305084745762712,0.0
