,1JJT_BDS,1JJE_BYS
1JJT_BDS,0.0,0.11764705882352944
1JJE_BYS,0.11764705882352944,0.0
