,1UOU_CMU,2WK6_IUR
1UOU_CMU,0.0,0.8333333333333334
2WK6_IUR,0.8333333333333334,0.0
