,4DCH_4DC,4DHY_S41
4DCH_4DC,0.0,0.8681318681318682
4DHY_S41,0.8681318681318682,0.0
