,1W1V_ALJ,7C34_BER,1W1T_CHQ,1W1P_GIO,1W1Y_TYP
1W1V_ALJ,0.0,0.975609756097561,0.5555555555555556,0.6382978723404256,0.5098039215686274
7C34_BER,0.975609756097561,0.0,0.95,0.9705882352941176,0.9487179487179487
1W1T_CHQ,0.5555555555555556,0.95,0.0,0.6382978723404256,0.44897959183673475
1W1P_GIO,0.6382978723404256,0.9705882352941176,0.6382978723404256,0.0,0.6222222222222222
1W1Y_TYP,0.5098039215686274,0.9487179487179487,0.44897959183673475,0.6222222222222222,0.0
