,1V0O_INR,1V0P_PVB
1V0O_INR,0.0,0.9204545454545454
1V0P_PVB,0.9204545454545454,0.0
